SystemLogID,OperationType,OperationDescription,AdminID,OperationDate,IP,Result
1,add record,"Billion score end read subject produce high toward. Who article may edge north check style data. Board environmental one worker majority social.
But offer deal detail. Someone population show.",20,2022-02-11,209.71.247.158,error
2,modify record,"Reveal line sure. Force race enter land light Democrat color.
Event baby word door head TV. Discover religious free similar build plant actually. Themselves direction person wear before get.",20,2018-03-22,33.138.180.205,success
3,login,"Loss show billion remember drug set. Society institution audience production art seat even card. Move generation win.
Door score north son method mouth. Majority office woman threat media form today.",4,2021-06-24,212.79.185.5,error
4,modify record,Choose for thousand draw home here. Attention example conference cold especially.,16,2014-06-18,176.55.153.35,error
5,add record,"Huge unit fear hotel general create pick. Feel nearly unit culture wife.
Hundred apply from industry any hit American. Election mention stuff travel five choose community PM.",19,2016-05-09,221.232.210.69,success
6,add record,"Economy tax game. Top single world few week scientist. Billion bill value nature religious over boy.
Respond nice reach give thought than.",19,2022-09-07,136.228.136.219,success
7,login,"Report name high person would. Reality bad religious network service believe.
Practice painting discover why.",16,2016-04-05,194.214.84.116,fail
8,add record,"Large tax nature increase choice large.
Meeting city institution source various or rise. Create character article argue former goal. Show fine name reveal service.",10,2016-04-15,159.62.160.184,success
9,login,"That clearly south whether the. Meet ahead each image sometimes commercial.
Sit trouble building research. Vote this someone street the call. Red develop memory policy brother point data.",6,2021-01-07,160.29.169.16,fail
10,add record,"Effect set special road southern every. Laugh control total nor.
Author bed couple enough gun. Yard smile air money stay. Than firm animal local. Through less Mr society owner marriage can.",18,2023-01-16,88.77.4.80,fail
11,login,Structure certain security exist medical college senior kitchen. Property back son area consider operation style. Short news nation especially. Modern miss statement scientist.,9,2022-02-04,154.42.14.187,error
12,login,"Simply suggest everything scene sing for. Enjoy member type act sense from.
We hope price without. Myself watch step.",8,2021-02-21,161.136.122.255,error
13,login,"Operation executive subject either. Learn week hour computer.
Attorney last anyone same. Wear human run never. Left light those mother road.",9,2020-04-19,223.190.162.149,error
14,login,"Whose hear street truth reach prove physical. Media at house issue. Whose finish could million bit world standard.
Many edge fall environmental loss woman cold. Act truth cover cell treat.",15,2021-11-21,31.29.249.119,error
15,modify record,"Usually top Mr debate meet place. Debate order yet economic few evening.
Put page ability yeah fish wear interesting. Century what writer keep government.",3,2014-07-17,85.124.58.9,success
16,add record,"Top final themselves by. Wife face president win significant debate.
Wide bring change eight age cut every. Citizen call open beautiful physical.",18,2016-11-06,191.92.190.90,fail
17,add record,"Office happen then outside though visit. Very science push floor hand management.
Just cell speak stay sense minute. Give social goal training tax.",17,2022-04-13,46.83.134.172,success
18,login,Many play raise better memory. Media contain marriage computer what. Thus law start through class mother least training. Different response reveal.,20,2014-04-04,46.216.197.122,success
19,modify record,"Stop party enjoy despite. Power alone describe would ground.
Role indeed trouble increase dog note hand. Work name board product treat. Reflect usually head husband theory career soon effect.",16,2014-06-03,154.198.178.141,success
20,login,Court happen system tonight short trial movie. Agreement art hit effect. Wear explain direction forward offer.,11,2014-12-26,128.117.116.84,fail
21,modify record,"Scientist certainly recently election. Land already land on let own. Tree goal talk window.
People indicate available realize these performance head.",15,2014-02-05,107.117.77.71,fail
22,login,"Write clear second reveal.
Fund stay Democrat specific senior beat. Especially hair ago wonder.
Cover other black sort vote authority sometimes. Our center design meet budget court writer.",15,2020-08-03,217.147.244.9,fail
23,modify record,Road something young we important sort thank. Follow whom finish. Through thing industry down set deal job.,10,2020-11-18,198.98.168.182,success
24,modify record,Everybody level front development. Allow total democratic end story. Pick house candidate.,10,2020-05-27,33.39.187.172,fail
25,modify record,"Whatever arm affect back choose cup. Early skill miss always impact see term. Similar spend think allow ten thing unit.
Mission realize knowledge.",3,2014-08-17,40.143.18.44,success
26,login,"Experience technology sport. Stage owner west easy agree meeting.
Heart garden identify or billion hear argue if. Democratic stand decision blood work job discussion.",16,2016-03-03,14.189.133.111,fail
27,modify record,Wind media say whose side. Today seat morning keep share ball. Together capital big half turn area itself.,14,2021-01-26,168.19.217.123,error
28,modify record,"Value whose police product suffer. Lot few get who no east. Bit safe always summer.
Anything evening young increase guy source. Perhaps full information kind right.",6,2018-08-18,181.175.113.58,success
29,modify record,"Society start but form newspaper friend. Floor ready hospital piece sea. Contain meeting popular also fast.
Cover piece green care national. Cell real see job. Still agent friend if cell executive.",9,2021-01-21,155.219.210.255,fail
30,add record,To research gun far relate whatever consumer land. Pretty fish be difference career conference.,5,2018-06-13,7.55.135.84,success
31,modify record,"Available blood on more although cost score. Future positive per indicate above year attention.
Degree part section involve. Often significant production baby officer.",8,2014-06-05,39.119.151.173,error
32,modify record,Campaign camera involve program still those they crime. Final machine appear mouth we.,19,2023-04-21,105.133.248.24,fail
33,add record,"Cost protect street lose change agent action. Agree pay official once yeah. Region reason method stop main none listen rich.
Type agree free trade life begin. Assume here front could country window.",7,2021-12-11,118.154.225.15,success
34,add record,Long should else study. Often structure tell board. Surface away close staff without them return. Its far major on help especially.,10,2016-07-19,205.179.16.169,error
35,add record,Civil letter far become. World step keep wonder on ever opportunity. Society region way time.,20,2019-06-15,54.56.57.40,error
36,modify record,"Parent order think.
Bag long mission really. Out yeah individual no he entire sell. Court much worker government world.",19,2015-03-09,175.53.170.200,error
37,add record,"Picture particularly approach protect glass born coach. Along north notice strategy.
Across be leave physical wear not. Entire give would perform easy sometimes suffer.",9,2017-09-01,62.220.213.178,error
38,modify record,Maintain hope each figure majority use. Occur lawyer teacher man. Yeah hotel shoulder worker structure what off.,13,2015-04-15,12.64.120.157,error
39,add record,Suddenly performance identify movie building. Performance nice daughter operation career. Attack particularly offer staff indeed tell so.,8,2020-03-18,80.208.165.43,error
40,add record,Themselves life sound bar ago before head notice. Range century admit in find everybody economy. Wait gun approach itself.,3,2018-09-07,147.64.184.110,success
41,modify record,Notice perform little near social field stay. Return produce fine total Republican class.,8,2016-12-31,193.179.80.181,fail
42,login,Outside simply agreement big need firm how. Create smile economy fact customer stock sign. Game big effort model.,5,2018-07-11,93.149.86.247,error
43,login,Son today score member. Pass long community sell goal.,13,2015-06-26,169.210.124.167,fail
44,login,"Cup one position. All theory pick center analysis all candidate. Within play cover fear.
Go partner family themselves do like. Edge individual old task. Nearly control story happen gun really.",19,2022-06-08,159.187.77.251,success
45,modify record,"Important account floor. Body worry inside investment military indeed.
Material against simply. Education service evening through be.",18,2022-02-28,85.170.233.215,success
46,login,Everything owner often wind here hour kitchen. Because administration peace.,20,2013-12-24,159.220.139.116,fail
47,modify record,Window conference long candidate drug room. Cell design eight everybody. Today part team hotel.,7,2016-12-25,190.174.227.208,fail
48,login,"Foot require be commercial teacher general. Within power benefit old still above improve.
Lot increase professor. Company firm strong sea.",4,2017-11-11,180.234.220.164,success
49,add record,Quite according tax spring almost coach summer. Reveal who service official.,7,2017-09-04,118.118.145.176,success
50,add record,Certainly fear school large everything senior. Within friend recent modern. Line moment challenge degree. Enough teacher would eye along technology response.,17,2015-12-24,195.121.57.90,error
